{
  "current": {
    "home_page_layout": "home-page_layout-1",
    "enable_rtl": false,
    "show_preloader": false,
    "hide_title_underline": true,
    "show_helper": false,
    "helper_info": "https:\/\/cdn.shopify.com\/s\/files\/1\/2154\/7153\/files\/yourstore_v2.0.1.js?17249508198905744634",
    "color_body": "#ffffff",
    "color_base": "#90754a",
    "color_baselinetitle": "#90754a",
    "color_text": "#333333",
    "color_desc": "#777777",
    "color_line": "#e5e5e5",
    "color_header": "#ffffff",
    "color_stucknavigation": "#ffffff",
    "color_headerborder": "rgba(0,0,0,0)",
    "color_stucknavigationtext": "#333333",
    "color_stucknavigationtextactive": "#333333",
    "color_stucknavigationtextactiveline": "#90754a",
    "color_submenuhoverbg": "#f5f5f5",
    "color_submenuhovertext": "#333333",
    "color_iconnewbg": "#333333",
    "color_iconsale": "#90754a",
    "color_slogan": "#90754a",
    "color_customericon": "#333333",
    "color_customericonhover": "#90754a",
    "color_carticon": "#90754a",
    "color_carticonhover": "#333333",
    "color_cartcircle": "#e8e8e8",
    "color_cartcircletext": "#333333",
    "color_linksacountheader8": "#000000",
    "color_linksacountheader8_hover": "#474747",
    "color_linksheader8": "#777777",
    "color_linksheader8_hover": "#000000",
    "color_linksheader8drop": "#777777",
    "color_linksheader8drop_hover": "#000000",
    "color_searchheader8": "#000000",
    "color_searchheader8_hover": "#474747",
    "color_searchbg": "#ffffff",
    "color_searchborder": "#ffffff",
    "color_searchtext": "#777777",
    "color_searchicon": "#333333",
    "color_searchiconactive": "#333333",
    "color_customerline": "#333333",
    "color_infotextline": "#ffffff",
    "color_customertextline": "#777777",
    "color_mobiletext": "#ffffff",
    "color_dropbg": "#333333",
    "color_dropicons": "#90754a",
    "color_droptext": "#999999",
    "color_dropbgactive": "#171717",
    "color_droptextactive": "#ffffff",
    "color_dropline": "#777777",
    "color_dropclose": "#90754a",
    "color_smallcartbasecolor": "#90754a",
    "color_smallcartbg": "#333333",
    "color_smallcartline": "#606060",
    "color_smallcarttext": "#ffffff",
    "color_smallcarttexthover": "#ffffff",
    "color_footer": "rgba(0,0,0,0)",
    "color_footerbase": "#90754a",
    "color_titleline": "#90754a",
    "color_footertitle": "#333333",
    "color_footertext": "#777777",
    "color_footerlinks": "#90754a",
    "color_footerlinksactive": "#333333",
    "color_footerlines": "#e5e5e5",
    "color_footerbtnbg": "#90754a",
    "color_footerbtntext": "#ffffff",
    "color_footerbtnbgactive": "#f5f5f5",
    "color_footerbtntextactive": "#333333",
    "color_socialbase": "#f3f3f3",
    "color_socialtextbase": "#c4c4c4",
    "color_socialactive": "#333333",
    "color_socialtextactive": "#ffffff",
    "color_sliderbutton": "#f5f5f5",
    "color_sliderbuttontext": "#333333",
    "color_sliderbuttonhover": "#90754a",
    "color_sliderbuttontexthover": "#ffffff",
    "color_btnbg": "#90754a",
    "color_btntext": "#ffffff",
    "color_btnbghover": "#f5f5f5",
    "color_btntexthover": "#90754a",
    "color_inversebtnbg": "#f5f5f5",
    "color_inversebtntext": "#333333",
    "color_inversebtnbghover": "#90754a",
    "color_inversebtntexthover": "#ffffff",
    "color_filterbtnbg": "#f5f5f5",
    "color_filterbtntext": "#333333",
    "color_filterbtnbghover": "#333333",
    "color_filterbtntexthover": "#ffffff",
    "color_filterbtnbgclose": "#90754a",
    "color_filterbtntextclose": "#ffffff",
    "color_product_item": "#ffffff",
    "color_prtitle": "#90754a",
    "color_prtitlehover": "#333333",
    "color_prlinks": "#333333",
    "color_prlinkshover": "#90754a",
    "color_salebadgecolor": "#fa6b6b",
    "color_salebadgecolortext": "#ffffff",
    "color_newbadgecolor": "#474747",
    "color_newbadgecolortext": "#ffffff",
    "color_baseprice": "#333333",
    "color_price": "#333333",
    "color_oldprice": "#fa6b6b",
    "color_quickview": "255, 255, 255, 0.8",
    "color_quickviewtext": "#90754a",
    "color_quickviewhover": "31, 192, 160, 0.8",
    "color_quickviewtexthover": "#ffffff",
    "color_counteritembg": "249, 99, 50, 0.85",
    "color_counteritemtext": "#ffffff",
    "color_infotext": "#ff0000",
    "color_counterpagebg": "#67e0fa",
    "color_counterpagetext": "#ffffff",
    "color_startbase": "#d2d2d2",
    "color_startactive": "#ffaf47",
    "color_popupbg": "#ffffff",
    "color_popuptitle": "#333333",
    "color_popuptext": "#777777",
    "color_popupclose": "#90754a",
    "color_popupclosehover": "#333333",
    "color_producttabs": "#f5f5f5",
    "color_badgebg": "#90754a",
    "color_badgetext": "#ffffff",
    "color_badgebghover": "#ffffff",
    "color_badgetexthover": "#90754a",
    "color_blogtitle": "#90754a",
    "color_blogtitlehover": "#333333",
    "color_blogcomments": "#90754a",
    "color_blogcommentshover": "#333333",
    "color_lay2categories": "#90754a",
    "color_lay2categoriestext": "#ffffff",
    "color_lay2bg": "rgba(0,0,0,0)",
    "color_lay2text": "#333333",
    "color_lay2bgactive": "#f5f5f5",
    "color_lay2textactive": "#90754a",
    "colorize_bages": false,
    "color_lay2lines": "#e5e5e5",
    "enable_custom_fonts": true,
    "font_family_1": "google_font",
    "font_name_1": "Roboto Condensed",
    "font_family_2": "google_font",
    "font_name_2": "Lato",
    "show_menu_language": false,
    "title_language": "Language:",
    "default_language": "English",
    "linklist_language": "",
    "header_logo_size": "retina",
    "header_retina_height": "80",
    "header_design": "header_design11",
    "topoffset": false,
    "use_favicon": true,
    "transparent_header": false,
    "headertransparentcolor": "#ffffff",
    "headertransparentbgcolor": "#ffffff",
    "header_slogan": "FREE Shipping to the contiguous U.S. on orders over $75",
    "show_line": true,
    "showfixedbar": false,
    "transparent_footer": false,
    "footertransparentcolor": "#ffffff",
    "footer_design": "footer_design7",
    "tabBlockAll": true,
    "tabBlock1": false,
    "blockName1": "GENERAL INFO",
    "footer-links-1": "footer-general-information",
    "tabBlock2": true,
    "blockName2": "HELP",
    "footer-links-2": "footer-customer-service",
    "tabBlock3": false,
    "blockName3": "MY ACCOUNT",
    "footer-links-3": "footer-my-account",
    "show_footer_soc_but": true,
    "footer_soc_but": "<li><a class=\"icon fa fa-facebook\" href=\"\/\/www.facebook.com\/getlange\/\" aria-label=\"L'ange Hair on Facebook\"><\/a><\/li>\n            \n            <li><a class=\"icon fa fa-instagram\" href=\"\/\/www.instagram.com\/langehair\/\" aria-label=\"L'ange Hair on Instagram\"><\/a><\/li>",
    "showfooternewsletter": false,
    "footer_address": "<div id=\"footer-copyright\" class=\"col-lg-12\"><\/div>\n<script>;(function(){\nvar footer = document.getElementById('footer-copyright');\nvar date = new Date();\nvar year = date.getFullYear();\nfooter.innerText = \"COPYRIGHT © \" + year + \" L'ANGE™. ALL RIGHTS RESERVED.\";\n}());<\/script>",
    "contentBlockAll": true,
    "showfooterlogo": true,
    "showfootercontenttext": true,
    "footercontenttexttitle": "ABOUT US",
    "footercontenttext": "<p> No more need to look for other ecommerce themes. We provide huge number of different layouts. Yourstore comes packed with free and useful features developed to make your website creation easier. Innovative clean design, advanced functionality, UI made for humans, extensive documenta- tion and support i continue this list infinitely... <\/p>",
    "contentBlockAll_design2": true,
    "showfooterlogo_design2": true,
    "showfootercontenttext_design2": true,
    "footercontenttexttitle_design2": "ABOUT US",
    "footercontenttext_design2": "<p> No more need to look for other ecommerce themes. We provide huge number of different layouts. Yourstore comes packed with free and useful features developed to make your website creation easier. Innovative clean design, advanced functionality, UI made for humans, extensive documenta- tion and support i continue this list infinitely... <\/p>\r\n\t\t\t\t\t\t\t\t\t<!-- address -->\r\n\t\t\t\t\t\t\t\t\t<address class=\"box-address\">\r\n\t\t\t\t\t\t\t\t\t\t<span class=\"icon icon-home\"><\/span> 7563 St. Vincent Place, Glasgow <br>\r\n\t\t\t\t\t\t\t\t\t\t<span class=\"icon icon-call\"><\/span> <b class=\"color-dark\">+777 2345 7885 <\/b><br>\r\n\t\t\t\t\t\t\t\t\t\t<span class=\"icon icon-access_time\"><\/span> 7 Days a week from  10:00 am to 6:00 pm<br>\r\n\t\t\t\t\t\t\t\t\t\t<span class=\"icon icon-markunread\"><\/span> <a class=\"color\" href=\"mailto:info@mydomain.com\">info@mydomain.com<\/a>\r\n\t\t\t\t\t\t\t\t\t<\/address>\r\n\t\t\t\t\t\t\t\t\t<!-- \/address -->",
    "contentBlockAll_design3": true,
    "showfooterlogo_design3": true,
    "showfootercontenttext_design3": true,
    "footercontenttexttitle_design3": "Contact",
    "footercontenttext_design3": "<address class=\"box-address\">\r\n\t<span class=\"icon icon-home\"><\/span> 7563 St. Vincent Place, Glasgow <br>\r\n\t<span class=\"icon icon-call\"><\/span> <b class=\"color-dark\">+777 2345 7885 <\/b><br>\r\n\t<span class=\"icon icon-access_time\"><\/span> 7 Days a week from  10:00 am to 6:00 pm<br>\r\n\t<span class=\"icon icon-markunread\"><\/span> <a class=\"color link-underline\" href=\"mailto:info@mydomain.com\">info@mydomain.com<\/a>\r\n<\/address>",
    "show_top_line": true,
    "contentBlockAll_design4": true,
    "footercontenttext_design4": "<div class=\"col-sm-6 col-md-3\">\r\n\t<!--  -->\r\n\t<div class=\"mobile-collapse\">\r\n\t\t<h4 class=\"text-left text-uppercase  title-under  mobile-collapse__title\">Shipping AND Delivery<\/h4>\r\n\t\t<div class=\"v-links-list mobile-collapse__content\">\r\n\t\t\t<p>\r\n\t\t\t\tWe're dedicated to delivering your purchase as quickly and affordably as possible. We offer a range of delivery and pickup options, so you can choose the shipping method that best meets your needs.\r\n\t\t\t<\/p>\r\n\t\t<\/div>\r\n\t<\/div>\r\n\t<!-- \/ -->\r\n<\/div>\r\n<div class=\"col-sm-6 col-md-3\">\r\n\t<!--  -->\r\n\t<div class=\"mobile-collapse\">\r\n\t\t<h4 class=\"text-left text-uppercase  title-under  mobile-collapse__title\">Payment Methods<\/h4>\r\n\t\t<div class=\"v-links-list mobile-collapse__content\">\r\n\t\t\t<p>\r\n\t\t\t\tEvery country and shopper has their prefered method to pay online. Offering your buyers safe and convenient payment choices can help your sale go smoothly, earn you positive Feedback, and bring them back for more.\r\n\t\t\t<\/p>\r\n\t\t<\/div>\r\n\t<\/div>\r\n\t<!-- \/ -->\r\n<\/div>\r\n<div class=\"divider divider--lg visible-sm\"><\/div>\r\n<div class=\"col-sm-6 col-md-3\">\r\n\t<!-- -->\r\n\t<div class=\"mobile-collapse\">\r\n\t\t<h4 class=\"text-left text-uppercase  title-under  mobile-collapse__title text-uppercase\">Contact<\/h4>\r\n\t\t<div class=\" mobile-collapse__content\">\t\t\t\t\t\t\t\r\n\t\t\t<!-- address -->\r\n\t\t\t<address class=\"box-address\">\r\n\t\t\t\t<span class=\"icon icon-home\"><\/span> 7563 St. Vincent Place, Glasgow <br>\r\n\t\t\t\t<span class=\"icon icon-call\"><\/span> <b>+777 2345 7885 <\/b><br>\r\n\t\t\t\t<span class=\"icon icon-access_time\"><\/span> 7 Days a week from  10:00 am to 6:00 pm<br>\r\n\t\t\t\t<span class=\"icon icon-markunread\"><\/span> <a class=\"color link-underline\" href=\"mailto:info@mydomain.com\">info@mydomain.com<\/a>\r\n\t\t\t<\/address>\r\n\t\t\t<!-- \/address -->\t\t\t\t\t\t\t\t\t\t\t\t\t\t\r\n\t\t<\/div>\r\n\t<\/div>\r\n\t<!-- \/ -->\r\n<\/div>\r\n<div class=\"col-sm-6 col-md-3\">\r\n\t<!--  -->\r\n\t<div class=\"mobile-collapse\">\r\n\t\t<h4 class=\"text-left text-uppercase  title-under  mobile-collapse__title\">Facebook like box<\/h4>\r\n\t\t<div class=\"v-links-list mobile-collapse__content\">\r\n\t\t\t<!--======= facebook =======-->\r\n\t\t\t\r\n\t\t\t\t<div class=\"display-inline-block\"><iframe src=\"\/\/facebook.com\/plugins\/likebox.php?id=134612429900944&width=270px&connections=9&stream=false&header=false&height=236\" scrolling=\"no\" frameborder=\"0\" style=\"border:none; overflow:hidden; width:270px; height:236px;\" allowtransparency=\"true\"><\/iframe><\/div>\r\n\t\t\t\r\n\t\t\t<!--======= \/facebook =======-->\r\n\t\t<\/div>\r\n\t<\/div>\r\n\t<!-- \/ -->\r\n<\/div>",
    "shownewslettertext_design4": true,
    "newslettertitle_design4": "Contact",
    "newslettertext_design4": "<!-- address -->\r\n<address class=\"box-address\">\r\n\t<span class=\"icon icon-home\"><\/span> 7563 St. Vincent Place, Glasgow <br>\r\n\t<span class=\"icon icon-call\"><\/span> <b>+777 2345 7885 <\/b><br>\r\n\t<span class=\"icon icon-access_time\"><\/span> 7 Days a week from  10:00 am to 6:00 pm<br>\r\n\t<span class=\"icon icon-markunread\"><\/span> <a class=\"color link-underline\" href=\"mailto:info@mydomain.com\">info@mydomain.com<\/a>\r\n<\/address>\r\n<!-- \/address -->",
    "contentBlockAll_design5": true,
    "footercontenttext_design5": "<h4 class=\"mobile-collapse__title text-left text-uppercase visible-xs\">telephone<\/h4>\r\n<div class=\"mobile-collapse__content\">\r\n\t<address class=\"font-medium\">\r\n\t\t<span class=\"icon icon-call\"><\/span> +777 2345 7885\t\t\t\t\t\t\t\t\t\t\r\n\t<\/address>\r\n\t<span class=\"color-gray\">7 Days a week from  10:00 am to 6:00 pm<\/span>\r\n<\/div>",
    "show_top_line_d6": false,
    "show_fotter_content1_design6": false,
    "footer_text1_design6": "Html Code",
    "footer_text_design6": "<!-- address -->\r\n<address class=\"box-address\">\r\n<span class=\"icon icon-home\"><\/span> 7563 St. Vincent Place, Glasgow <br>\r\n<span class=\"icon icon-call\"><\/span> <b class=\"color-dark\">+777 2345 7885 <\/b><br>\r\n<span class=\"icon icon-access_time\"><\/span> 7 Days a week from  10:00 am to 6:00 pm<br>\r\n<span class=\"icon icon-markunread\"><\/span> <a class=\"color\" href=\"mailto:info@mydomain.com\">info@mydomain.com<\/a>\r\n<\/address>\r\n<!-- \/address -->",
    "show_top_line_d7": false,
    "show_fotter_content1_design7": false,
    "footer_text1_design7": "Html Code",
    "footer_text_design7": "Html Code",
    "main_menu_selected": "main-shop-menu",
    "menu_icon_hot": "Men’s",
    "menu_icon_new": "WOMEN’s",
    "submenu_type3": "",
    "submenu_type_and_list_1": "",
    "submenu_type_and_list_grid_1": "3",
    "submenu_images_1": "",
    "submenu_customhtml_1": "<div class=\"row\">\r\n<div class=\"col-sm-6\"> <a href=\"#\" class=\"discolor-hover\"><img class=\"img-responsive\" src=\"\/\/cdn.shopify.com\/s\/files\/1\/1236\/4838\/files\/banner-megamenu-01.jpg?16466298140297529436\" alt=\"\"><\/a>\r\n<\/div>\r\n<div class=\"col-sm-6\"> <a href=\"#\" class=\"discolor-hover\"><img class=\"img-responsive\" src=\"\/\/cdn.shopify.com\/s\/files\/1\/1236\/4838\/files\/banner-megamenu-02.jpg?16466298140297529436\" alt=\"\"><\/a>\r\n<\/div>\r\n<\/div>",
    "submenu_showcollection_1": true,
    "submenu_collectiontitle_1": "FEATURED",
    "submenu_collectiontitlelink_1": "#",
    "submenu_collection_1": "",
    "submenu_collectionlength_1": "4",
    "submenu_type_and_list_2": "",
    "submenu_type_and_list_grid_2": "3",
    "submenu_images_2": "\/\/cdn.shopify.com\/s\/files\/1\/1236\/4838\/files\/mens-category-1.jpg?7991156427119609511,\r\n\/\/cdn.shopify.com\/s\/files\/1\/1236\/4838\/files\/mens-category-2.jpg?7991156427119609511,\r\n\/\/cdn.shopify.com\/s\/files\/1\/1236\/4838\/files\/mens-category-3.jpg?7991156427119609511",
    "submenu_customhtml_2": "<div class=\"hor-line\"><\/div>\r\n<ul class=\"list-inline brands-list\">\r\n<li><a href=\"#\"><img src=\"\/\/cdn.shopify.com\/s\/files\/1\/1236\/4838\/files\/brand-01.png?7991156427119609511\" alt=\"\"><\/a><\/li>\r\n<li><a href=\"#\"><img src=\"\/\/cdn.shopify.com\/s\/files\/1\/1236\/4838\/files\/brand-03.png?7991156427119609511\" alt=\"\"><\/a><\/li>\r\n<li><a href=\"#\"><img src=\"\/\/cdn.shopify.com\/s\/files\/1\/1236\/4838\/files\/brand-02.png?7991156427119609511\" alt=\"\"><\/a><\/li>\r\n<li><a href=\"#\"><img src=\"\/\/cdn.shopify.com\/s\/files\/1\/1236\/4838\/files\/brand-05.png?7991156427119609511\" alt=\"\"><\/a><\/li>\r\n<li><a href=\"#\"><img src=\"\/\/cdn.shopify.com\/s\/files\/1\/1236\/4838\/files\/brand-04.png?7991156427119609511\" alt=\"\"><\/a><\/li>\r\n<li><a href=\"#\"><img src=\"\/\/cdn.shopify.com\/s\/files\/1\/1236\/4838\/files\/brand-06.png?7991156427119609511\" alt=\"\"><\/a><\/li>\r\n<li><a href=\"#\"><img src=\"\/\/cdn.shopify.com\/s\/files\/1\/1236\/4838\/files\/brand-07.png?7991156427119609511\" alt=\"\"><\/a><\/li>\r\n<li><a href=\"#\"><img src=\"\/\/cdn.shopify.com\/s\/files\/1\/1236\/4838\/files\/brand-08.png?7991156427119609511\" alt=\"\"><\/a><\/li>\r\n<li><a href=\"#\"><img src=\"\/\/cdn.shopify.com\/s\/files\/1\/1236\/4838\/files\/brand-09.png?7991156427119609511\" alt=\"\"><\/a><\/li>\r\n<li><a href=\"#\"><img src=\"\/\/cdn.shopify.com\/s\/files\/1\/1236\/4838\/files\/brand-10.png?7991156427119609511\" alt=\"\"><\/a><\/li>\r\n<\/ul>",
    "submenu_showcollection_2": true,
    "submenu_collectiontitle_2": "FEATURED",
    "submenu_collectiontitlelink_2": "#",
    "submenu_collection_2": "",
    "submenu_collectionlength_2": "4",
    "submenu_type_and_list_3": "",
    "submenu_type_and_list_grid_3": "3",
    "submenu_images_3": "",
    "submenu_customhtml_3": "",
    "submenu_showcollection_3": true,
    "submenu_collectiontitle_3": "FEATURED",
    "submenu_collectiontitlelink_3": "#",
    "submenu_collection_3": "",
    "submenu_collectionlength_3": "4",
    "submenu_type_and_list_4": "",
    "submenu_type_and_list_grid_4": "3",
    "submenu_images_4": "",
    "submenu_customhtml_4": "",
    "submenu_showcollection_4": true,
    "submenu_collectiontitle_4": "FEATURED",
    "submenu_collectiontitlelink_4": "#",
    "submenu_collection_4": "",
    "submenu_collectionlength_4": "4",
    "submenu_type_and_list_5": "",
    "submenu_type_and_list_grid_5": "3",
    "submenu_images_5": "",
    "submenu_customhtml_5": "",
    "submenu_showcollection_5": true,
    "submenu_collectiontitle_5": "FEATURED",
    "submenu_collectiontitlelink_5": "#",
    "submenu_collection_5": "",
    "submenu_collectionlength_5": "4",
    "use_scale_product_image": false,
    "product_scale_height": "200",
    "product_item_showqv": false,
    "product_item_show_cart": true,
    "product_item_show_rating": true,
    "show_product_options": true,
    "show_product_switcer": true,
    "product_page_design": "design3",
    "productpage_zoomenable": false,
    "product_header_type": "default",
    "show_product_rating": false,
    "show_product_quantity": false,
    "show_product_sku": false,
    "show_product_vendor": false,
    "variant_combobox": false,
    "show_product_alarm_message": false,
    "count_start_show": "10",
    "product_tabs_work": "design4",
    "show_product_tab_1": false,
    "product_tab_title_1": "Description",
    "show_product_tab_2": false,
    "product_tab_title_2": "Custom Tab",
    "product_tab_desc_2": "<h5><strong class=\"color text-uppercase\">Lorem ipsum dolor sit amet conse ctetur adipisicing elit<\/strong><\/h5>\r\n\t\t\t\t\t\t\t\t<div class=\"divider divider--xs\"><\/div>\r\n\t\t\t\t\t\t\t\t<p>Lorem ipsum dolor sit amet conse ctetur adipisicing elit, sed do eiusmod tempor incididunt ut labore et dolore magna aliqua. Ut enim ad minim veniam, quis nostrud exercitation ullamco laboris nisi ut aliquip ex ea commodo consequat.  orem ipsum dolor sit amet conse ctetur adipisicing elit, sed do eiusmod tempor incididunt ut labore et dolore magna aliqua. Ut enim ad minim veniam.<\/p>\r\n\t\t\t\t\t\t\t\t<ul class=\"marker-list-circle\">\r\n\t\t\t\t\t\t\t\t\t<li><span class=\"text-uppercase\">Lorem ipsum dolor sit amet<\/span><\/li>\r\n\t\t\t\t\t\t\t\t\t<li><span class=\"text-uppercase\">Conse ctetur adipisicing<\/span><\/li>\r\n\t\t\t\t\t\t\t\t\t<li><span class=\"text-uppercase\">Elit sed do eiusmod tempor<\/span><\/li>\r\n\t\t\t\t\t\t\t\t\t<li><span class=\"text-uppercase\">Incididunt ut laborev<\/span><\/li>\r\n\t\t\t\t\t\t\t\t\t<li><span class=\"text-uppercase\">Et dolore magna aliqua<\/span><\/li>\r\n\t\t\t\t\t\t\t\t\t<li><span class=\"text-uppercase\">Ut enim ad min<\/span><\/li>\r\n\t\t\t\t\t\t\t\t<\/ul>",
    "show_product_tab_3": false,
    "product_tab_title_3": "SIZING GUIDE",
    "product_tab_desc_3": "<h5><strong class=\"color text-uppercase\">Clothing - Single Size Conversion (Continued)<\/strong><\/h5>\r\n\t\t\t\t\t\t\t\t<div class=\"divider divider--xs\"><\/div>\r\n\t\t\t\t\t\t\t\t<div class=\"table-responsive\">\r\n\t\t\t\t\t\t\t\t\t<table class=\"table table-params\">\r\n\t\t\t\t\t\t\t\t\t\t<tbody>\r\n\t\t\t\t\t\t\t\t\t\t\t<tr>\r\n\t\t\t\t\t\t\t\t\t\t\t\t<td class=\"text-right\"><span class=\"color\">UK<\/span><\/td>\r\n\t\t\t\t\t\t\t\t\t\t\t\t<td>\r\n\t\t\t\t\t\t\t\t\t\t\t\t\t<ul class=\"sizes-row\">\r\n\t\t\t\t\t\t\t\t\t\t\t\t\t\t<li>18<\/li>\r\n\t\t\t\t\t\t\t\t\t\t\t\t\t\t<li>20<\/li>\r\n\t\t\t\t\t\t\t\t\t\t\t\t\t\t<li>22<\/li>\r\n\t\t\t\t\t\t\t\t\t\t\t\t\t\t<li>24<\/li>\r\n\t\t\t\t\t\t\t\t\t\t\t\t\t\t<li>26<\/li>\r\n\t\t\t\t\t\t\t\t\t\t\t\t\t<\/ul>\r\n\t\t\t\t\t\t\t\t\t\t\t\t<\/td>\r\n\t\t\t\t\t\t\t\t\t\t\t<\/tr>\r\n\t\t\t\t\t\t\t\t\t\t\t<tr>\r\n\t\t\t\t\t\t\t\t\t\t\t\t<td class=\"text-right\"><span class=\"color\">European<\/span><\/td>\r\n\t\t\t\t\t\t\t\t\t\t\t\t<td>\r\n\t\t\t\t\t\t\t\t\t\t\t\t\t<ul class=\"sizes-row\">\r\n\t\t\t\t\t\t\t\t\t\t\t\t\t\t<li>46<\/li>\r\n\t\t\t\t\t\t\t\t\t\t\t\t\t\t<li>48<\/li>\r\n\t\t\t\t\t\t\t\t\t\t\t\t\t\t<li>50<\/li>\r\n\t\t\t\t\t\t\t\t\t\t\t\t\t\t<li>52<\/li>\r\n\t\t\t\t\t\t\t\t\t\t\t\t\t\t<li>54<\/li>\r\n\t\t\t\t\t\t\t\t\t\t\t\t\t<\/ul>\r\n\t\t\t\t\t\t\t\t\t\t\t\t<\/td>\r\n\t\t\t\t\t\t\t\t\t\t\t<\/tr>\r\n\t\t\t\t\t\t\t\t\t\t\t<tr>\r\n\t\t\t\t\t\t\t\t\t\t\t\t<td class=\"text-right\"><span class=\"color\">US<\/span><\/td>\r\n\t\t\t\t\t\t\t\t\t\t\t\t<td>\r\n\t\t\t\t\t\t\t\t\t\t\t\t\t<ul class=\"sizes-row\">\r\n\t\t\t\t\t\t\t\t\t\t\t\t\t\t<li>14<\/li>\r\n\t\t\t\t\t\t\t\t\t\t\t\t\t\t<li>16<\/li>\r\n\t\t\t\t\t\t\t\t\t\t\t\t\t\t<li>18<\/li>\r\n\t\t\t\t\t\t\t\t\t\t\t\t\t\t<li>20<\/li>\r\n\t\t\t\t\t\t\t\t\t\t\t\t\t\t<li>22<\/li>\r\n\t\t\t\t\t\t\t\t\t\t\t\t\t<\/ul>\r\n\t\t\t\t\t\t\t\t\t\t\t\t<\/td>\r\n\t\t\t\t\t\t\t\t\t\t\t<\/tr>\r\n\t\t\t\t\t\t\t\t\t\t\t<tr>\r\n\t\t\t\t\t\t\t\t\t\t\t\t<td class=\"text-right\"><span class=\"color\">Australia<\/span><\/td>\r\n\t\t\t\t\t\t\t\t\t\t\t\t<td>\r\n\t\t\t\t\t\t\t\t\t\t\t\t\t<ul class=\"sizes-row\">\r\n\t\t\t\t\t\t\t\t\t\t\t\t\t\t<li>8<\/li>\r\n\t\t\t\t\t\t\t\t\t\t\t\t\t\t<li>10<\/li>\r\n\t\t\t\t\t\t\t\t\t\t\t\t\t\t<li>12<\/li>\r\n\t\t\t\t\t\t\t\t\t\t\t\t\t\t<li>14<\/li>\r\n\t\t\t\t\t\t\t\t\t\t\t\t\t\t<li>16<\/li>\r\n\t\t\t\t\t\t\t\t\t\t\t\t\t<\/ul>\r\n\t\t\t\t\t\t\t\t\t\t\t\t<\/td>\r\n\t\t\t\t\t\t\t\t\t\t\t<\/tr>\r\n\t\t\t\t\t\t\t\t\t\t<\/tbody>\r\n\t\t\t\t\t\t\t\t\t<\/table>\r\n\t\t\t\t\t\t\t\t<\/div>",
    "show_product_tab_4": false,
    "product_tab_title_4": "TAGS",
    "show_product_tab_5": false,
    "product_tab_title_5": "REVIEWS",
    "show_upsell_collection": true,
    "upsell_collection_title_center": false,
    "product_upsell_collection_title": "YOU MAY ALSO BE INTERESTED IN THE FOLLOWING PRODUCTS",
    "product_upsell_collection": "hair-care",
    "product_upsell_collection_count": "12",
    "show_productpage_htmlblock": false,
    "productpage_htmlblock": "<div class=\"delivery-banner\" onclick=\"window.location.href = '#'\">\r\n<div class=\"delivery-banner__icon\"><span class=\"icon-redeem\"><\/span><\/div>\r\n<div class=\"delivery-banner__text\">\r\n<h3>SPECIAL OFFER 1+1=3<\/h3>\r\n<h5>Get a gift!<\/h5>\r\n<p>Donec eros tellus, scelerisque nec, rhoncus eget, laoreet sit amet, nunc. Ut sit amet turpis.<\/p>\r\n<\/div>\r\n<\/div>\r\n<div class=\"delivery-banner\" onclick=\"window.location.href = '#'\">\r\n<div class=\"delivery-banner__icon\"><span class=\"icon-card_membership\"><\/span><\/div>\r\n<div class=\"delivery-banner__text\">\r\n<h3>FREE REWARD CARD<\/h3>\r\n<h5>Worth 10$, 50$, 100$<\/h5>\r\n<p>Eros tellus, scelerisque nec, rhoncus eget, laoreet sit amet, nunc. Ut sit amet turpis. <\/p>\r\n<\/div>\r\n<\/div>\r\n<div class=\"delivery-banner\" onclick=\"window.location.href = '#'\">\r\n<div class=\"delivery-banner__icon\"><span class=\"icon-local_shipping\"><\/span><\/div>\r\n<div class=\"delivery-banner__text\">\r\n<h3>Free Shipping<\/h3>\r\n<h5>on orders over $100<\/h5>\r\n<p>Eros tellus, scelerisque nec, rhoncus eget, laoreet sit amet, nunc. Ut sit amet turpis. <\/p>\r\n<\/div>\r\n<\/div>\r\n<div class=\"delivery-banner\" onclick=\"window.location.href = '#'\">\r\n<div class=\"delivery-banner__icon\"><span class=\"icon-replay_5\"><\/span><\/div>\r\n<div class=\"delivery-banner__text\">\r\n<h3>Order Return<\/h3>\r\n<h5>Returns within 5 days<\/h5>\r\n<p>Eros tellus, scelerisque nec, rhoncus eget, laoreet sit amet, nunc. Ut sit amet turpis. <\/p>\r\n<\/div>\r\n<\/div>",
    "quickview_sku": true,
    "quickview_availability": true,
    "quickview_showrating": true,
    "blog_tags": "",
    "blog_post_count": "3",
    "blog_grid": "default",
    "blog_show_author": false,
    "blog_show_date": false,
    "show_comments": false,
    "truncate": "2",
    "truncate_last_symbols": "...",
    "show_blog_sidebar": false,
    "show_blog_sidebar_article": false,
    "sidebar_show_blogs": false,
    "sidebar_blogs_title": "Blogs",
    "sidebar_blogs": "blog, news, sport",
    "sidebar_show_tags": false,
    "sidebar_tags_title": "Tags",
    "sidebar_show_recent_blog": false,
    "sidebar_recent_blog_title": "RECENT POSTS",
    "sidebar_recent_blog_name": "",
    "sidebar_recent_blog_count": "3",
    "blog_show_author_recent": false,
    "blog_show_date_recent": false,
    "show_comments_recent": false,
    "truncate_recent": "4",
    "truncate_last_symbols_recent": "...",
    "blog_sidebar_customhtml1_show": false,
    "blog_sidebar_customhtml1_title": "ARCHIVES",
    "blog_sidebar_customhtml1_content": "<ul class=\"categories-list\">\r\n    <li><a href=\"#\">July 2016<\/a><\/li>\r\n    <li><a href=\"#\">Juny 2016<\/a><\/li>\r\n    <li><a href=\"#\">May 2016<\/a><\/li>\r\n    <li><a href=\"#\">April 2016<\/a><\/li>\t\t\t              \r\n  <\/ul>",
    "blog_sidebar_customhtml2_show": false,
    "blog_sidebar_customhtml2_title": "META",
    "blog_sidebar_customhtml2_content": "<ul class=\"categories-list\">\r\n<li><a href=\"#\">Entries RSS<\/a><\/li>\r\n<li><a href=\"#\">WordPress.org<\/a><\/li>\r\n<li><a href=\"#\">Magento<\/a><\/li>\r\n<li><a href=\"#\">Shopify<\/a><\/li>\r\n<\/ul>",
    "blog_ad1": "shopify:\/\/shop_images\/FallSeasonSale-BlogAds-1.gif",
    "blog_ad1_link": "https:\/\/langehair.com\/pages\/black-friday-in-july\/",
    "blog_ad2": "shopify:\/\/shop_images\/FallSeasonSale-BlogAds-2.gif",
    "blog_ad2_link": "https:\/\/langehair.com\/pages\/black-friday-in-july\/",
    "pagination_limit": "75",
    "products_in_column": "three",
    "enable_infinite_scroll": true,
    "show_collection_description": true,
    "enable_scroll_sidebar": false,
    "listing_page_design": "disable-sidebar",
    "sidebar_opened_tabs": "1,2,3,4,5,6",
    "show_shopby_type_filter": false,
    "shopby_type_filter": "Dresses, Coats, Jackets, Trousers, Jeans,Jewellery,Scarves & snoods, Sunglasses, Caps & Hats, Grooming, Blazers, umpers & Cardigans, Sweat Pants, Leather Jackets, Loungewear",
    "show_shopby_color_filter": true,
    "shopby_color_filter_border": "White",
    "shopby_color_filter": "Yellow,\r\nOrange,\r\nViolet,\r\nPink,\r\nGrey,\r\nBlack",
    "show_shopby_size_filter": false,
    "shopby_size_filter": "34, 36, 38, 40,42, 44",
    "show_shopby_tags_filter": false,
    "shopby_tags_filter": "vintage,style,streetstyle,prom dresses,model,colorful,club dresses,clothes,bikini",
    "show_shopby_price_filter": false,
    "shopby_price_filter": "$10-$100, $100-$200, $200-$500",
    "show_shopby_vendor_filter": false,
    "shopby_vendor_filter": "Levi's, GAP, ZARA, Polo, ecco\r\nH&M, Deisel, DOCKERS, Lacoste, Guess",
    "show_sidebar_collection": false,
    "sidebar_collection": "",
    "show_sidebar_customhtml": false,
    "sidebar_customhtml": "<p class=\"light-font\">Lorem ipsum dolor sit amet conse ctetur adipisicing elit, sed do eiusmod tempor incididunt ut labore et dolore magna.<\/p>\r\n<ul class=\"marker-list\">\r\n<li>Lorem ipsum dolor sit amet<\/li>\r\n<li>Conse ctetur adipisicing<\/li>\r\n<li>Elit sed do eiusmod tempor<\/li>\r\n<\/ul>\r\n<p class=\"light-font\">Amet conse ctetur adipisicing elit, sed do eiusmod tempor incididunt ut labor.<\/p>",
    "filter_color1": "",
    "filter_color2": "",
    "filter_color3": "",
    "filter_color4": "",
    "filter_color5": "",
    "filter_color6": "",
    "filter_color7": "",
    "filter_color8": "",
    "filter_color9": "",
    "filter_color10": "",
    "mailchimp_form_action": "\/\/myshopify.us11.list-manage.com\/subscribe\/post?u=0b829b8aff26aaaaa5da602c6&amp;id=293978d1bd",
    "popup_newsletter_show": false,
    "popup_newsletter_showicon": true,
    "popup_newsletter_showimage": false,
    "popup_newsletter_hidecolor": false,
    "popup_newsletter_title": "The Best Store!",
    "popup_newsletter_description": "<p>Please, rate theme 5. Thanks<\/p>\r\n<p class=\"color font24 custom-font font-lighter\">\r\nYOURStore\r\n<\/p>",
    "popup_newsletter_message": "Your E-mail...",
    "popup_newsletter_button": "subscribe",
    "popup_newsletter_question": "DON'T SHOW THIS POPUP AGAIN",
    "popup_newsletter_delay_first": "2000",
    "popup_newsletter_delay": "3",
    "cart_design": "design3",
    "shipping_calculator": false,
    "order_note": false,
    "shipping_calculator_heading": "ESTIMATE SHIPPING AND TAX",
    "shipping_calculator_heading_desc": "Enter your destination to get a shipping estimate.",
    "shipping_calculator_default_country": "United States",
    "shipping_calculator_submit_button_label": "Calculate shipping",
    "lookbookbreadcrumbs": false,
    "lookbookshowblock1": true,
    "lookbook_block1_pr1": "",
    "lookbook_block1_coord_pr1": "top: 2.4%; left: 3.7%; width:53.7%;",
    "lookbook_block1_tool_pr1": "right",
    "lookbook_block1_pr2": "",
    "lookbook_block1_coord_pr2": "top: 52.2%; left: 3.7%; width:28%;",
    "lookbook_block1_tool_pr2": "right",
    "lookbook_block1_pr3": "",
    "lookbook_block1_coord_pr3": "top: 68.3%; left: 3.7%; width:28%;",
    "lookbook_block1_tool_pr3": "right",
    "lookbook_block1_pr4": "",
    "lookbook_block1_coord_pr4": "top: 83.3%; left: 3.7%; width:48%;",
    "lookbook_block1_tool_pr4": "right",
    "lookbook_block1_pr5": "",
    "lookbook_block1_coord_pr5": "top: 3.3%; right: 4.3%; width:37.5%;",
    "lookbook_block1_tool_pr5": "left",
    "lookbook_block1_pr6": "",
    "lookbook_block1_coord_pr6": "top: 22.3%; right: 4.3%; width:37.5%;",
    "lookbook_block1_tool_pr6": "left",
    "lookbook_block1_pr7": "",
    "lookbook_block1_coord_pr7": "top: 32.2%; right: 4.3%; width:37.5%;",
    "lookbook_block1_tool_pr7": "left",
    "lookbook_block1_pr8": "",
    "lookbook_block1_coord_pr8": "top: 36.6%; left: 25.2%; width:55%;",
    "lookbook_block1_tool_pr8": "center",
    "lookbookshowblock2": true,
    "lookbookblock2": "",
    "lookbookblock2length": "7",
    "lookbookshowblock3": true,
    "lookbook_block3_pr1": "",
    "lookbook_block3_coord_pr1": "top: 17.8%; left: 63.5%;",
    "lookbook_block3_tool_pr1": "right",
    "lookbook_block3_pr2": "",
    "lookbook_block3_coord_pr2": "top: 34%; left: 37%;",
    "lookbook_block3_tool_pr2": "left",
    "lookbook_block3_pr3": "",
    "lookbook_block3_coord_pr3": "top:47.8%; left: 63.5%;",
    "lookbook_block3_tool_pr3": "right",
    "lookbook_block3_pr4": "",
    "lookbook_block3_coord_pr4": "top: 86%; left: 32%;",
    "lookbook_block3_tool_pr4": "left",
    "lookbook_block3_pr5": "",
    "lookbook_block3_coord_pr5": "",
    "lookbook_block3_tool_pr5": "left",
    "show_multiple_currencies": false,
    "title_currency": "Currency:",
    "supported_currencies": "USD, USD - US Dollar | EUR, EUR - Euro | GBP, GBP - British Pound Sterling | INR, INR - India Rupee",
    "use_favicon_pass": true,
    "title_pass": "WE'RE COMING SOON",
    "text_pass": "We are working very hard on the new version of our site.  It will bring a lot of new features. Stay tuned!",
    "social_pass": "",
    "countdown_pass": "2017\/09\/08 14:30:00",
    "title_nws_pass": "SUBSCRIBE TO OUR NEWSLETTER",
    "text_nws_pass": "Sign up now to our newsletter and you'll be one of the first to know when the site is ready:",
    "title_pass_pass": "ENTER STORE USING PASSWORD:",
    "button_pass": "ENTER",
    "footer_address_pass": "",
    "checkout_header_image": "",
    "checkout_use_storefront_logo": true,
    "checkout_logo_image": "",
    "checkout_logo_position": "left",
    "checkout_logo_size": "medium",
    "checkout_body_background_image": "",
    "checkout_body_background_color": "#ffffff",
    "checkout_input_background_color_mode": "white",
    "checkout_sidebar_background_image": "",
    "checkout_sidebar_background_color": "#ffffff",
    "checkout_heading_font": "Lato",
    "checkout_body_font": "Helvetica Neue",
    "checkout_accent_color": "#90754a",
    "checkout_button_color": "#90754a",
    "checkout_error_color": "#f45b4f",
    "color_lay2testimonials": "#1fc0a0",
    "color_lay2testimonialsquote": "#ffffff",
    "checkout_use_header_image": false,
    "checkout_logo": "",
    "checkout_use_body_background_image": false,
    "checkout_use_sidebar_background_image": false,
    "lay2bgactive": "#e51e1e",
    "showfooterlogo_design4": true,
    "showfootercontenttext_design4": true,
    "footercontenttexttitle_design4": "Contact",
    "shownewslettertext_design5": true,
    "newslettertitle_design5": "Contact",
    "newslettertext_design5": "<address class=\"box-address\">\r\n\t\t\t\t\t\t\t\t\t\t<span class=\"icon icon-home\"><\/span> 7563 St. Vincent Place, Glasgow <br>\r\n\t\t\t\t\t\t\t\t\t\t<span class=\"icon icon-call\"><\/span> <b class=\"color-dark\">+777 2345 7885 <\/b><br>\r\n\t\t\t\t\t\t\t\t\t\t<span class=\"icon icon-access_time\"><\/span> 7 Days a week from  10:00 am to 6:00 pm<br>\r\n\t\t\t\t\t\t\t\t\t\t<span class=\"icon icon-markunread\"><\/span> <a class=\"color link-underline\" href=\"mailto:info@mydomain.com\">info@mydomain.com<\/a>\r\n\t\t\t\t\t\t\t\t\t<\/address>",
    "contentBlockAll_design6": true,
    "footercontenttext_design6": "<h4 class=\"mobile-collapse__title text-left text-uppercase visible-xs\">telephone<\/h4>\r\n<div class=\"mobile-collapse__content\">\r\n<address class=\"font-medium\">\r\n<span class=\"icon icon-call\"><\/span> +777 2345 7885\t\t\t\t\t\t\t\t\t\t\r\n<\/address>\r\n<time class=\"color-gray\">7 Days a week from  10:00 am to 6:00 pm<\/time>\r\n<\/div>",
    "layout6_productsliderblock": true,
    "show_layout3_slider0": true,
    "show_collection_sidebar_menu": true,
    "sections": {
      "layout-2-brands": {
        "type": "layout-2-brands",
        "blocks": {
          "1478034348386": {
            "type": "logo_image",
            "settings": {
              "image": "",
              "link": ""
            }
          },
          "1478034350144": {
            "type": "logo_image",
            "settings": {
              "image": "",
              "link": ""
            }
          },
          "1478034351905": {
            "type": "logo_image",
            "settings": {
              "image": "",
              "link": ""
            }
          }
        },
        "block_order": [
          "1478034348386",
          "1478034350144",
          "1478034351905"
        ],
        "settings": {
          "show_block": true,
          "show_line": false,
          "step": "2",
          "module_autoplay": false,
          "delay_time": "7000"
        }
      },
      "layout-2-sliders-group": {
        "type": "layout-2-sliders-group",
        "settings": {
          "show_block": true,
          "show_line": true,
          "title1": "Title",
          "collection1": "",
          "limit_1": "8",
          "step_1": "1",
          "module_autoplay_1": false,
          "delay_time_1": "7000",
          "show_slider2": true,
          "title2": "Title",
          "collection2": "",
          "limit_2": "8",
          "step_2": "1",
          "module_autoplay_2": false,
          "delay_time_2": "7000"
        }
      },
      "layout-2-collections-list": {
        "type": "layout-2-collections-list",
        "blocks": {
          "1478039803755": {
            "type": "featured_collection",
            "settings": {
              "image": "",
              "collection": "",
              "use_custom_color": "no",
              "color_title": "#ffffff"
            }
          },
          "1478039806013": {
            "type": "featured_collection",
            "settings": {
              "image": "",
              "collection": "",
              "use_custom_color": "no",
              "color_title": "#ffffff"
            }
          },
          "1478039807795": {
            "type": "featured_collection",
            "settings": {
              "image": "",
              "collection": "",
              "use_custom_color": "no",
              "color_title": "#ffffff"
            }
          }
        },
        "block_order": [
          "1478039803755",
          "1478039806013",
          "1478039807795"
        ],
        "settings": {
          "show_block": true,
          "banner_design": "design2",
          "step": "1",
          "module_autoplay": false,
          "delay_time": "7000",
          "show_border": false,
          "border_color": "#ffffff",
          "position": "center",
          "show_arrows": true,
          "bg_base_color": "121, 121, 121, 0.85",
          "bg_active_color": "31, 192, 160, 0.85"
        }
      },
      "layout-2-slider-products": {
        "type": "layout-2-slider-products",
        "settings": {
          "show_block": true,
          "show_line": false,
          "title1": "Title",
          "collection1": "",
          "limit_1": "8",
          "step_1": "1",
          "module_autoplay_1": false,
          "delay_time_1": "7000",
          "show_slider2": false,
          "title2": "Title",
          "collection2": "",
          "limit_2": "8",
          "step_2": "1",
          "module_autoplay_2": false,
          "delay_time_2": "7000"
        }
      },
      "layout-2-revolution-slider": {
        "type": "layout-2-revolution-slider",
        "blocks": {
          "1478043056757": {
            "type": "slider_list",
            "settings": {
              "image": "",
              "image_tablet": "",
              "image_mobile": "",
              "banner_link": "",
              "position": "center",
              "show_video": "no",
              "video_url": "\/\/cdn.shopify.com\/s\/files\/1\/1236\/4838\/files\/explore.mp4?14925391354568980494",
              "show_infoblock": "yes",
              "show_item_button": "yes",
              "text_design": "type1",
              "infoposition": "value",
              "info_point": "205",
              "text1": "Text 1",
              "text2": "Text 2",
              "text3": "Text 3",
              "text4": "",
              "use_custom_color": "no",
              "color_text1": "#ffffff",
              "color_text2": "#ffffff",
              "color_text3": "#ffffff",
              "color_text4": "#ffffff",
              "color_textbase": "#ffffff",
              "color_bgbase": "#1fc0a0",
              "color_textactive": "#1fc0a0",
              "color_bgactive": "#1fc0a0",
              "show_customhtml": "no",
              "code": "<div class=\"tp-caption lfl stb\" data-x=\"205\" data-y=\"center\" data-voffset=\"0\" data-speed=\"600\" data-start=\"900\" data-easing=\"Power4.easeOut\" data-endeasing=\"Power4.easeIn\" style=\"z-index: 2;\">\r\n<div>CONTENT<\/div>\r\n<a href=\"#\" class=\"link-button button--border-thick\">Shop now!<\/a>\r\n<\/div>"
            }
          },
          "1478043090706": {
            "type": "slider_list",
            "settings": {
              "image": "",
              "image_tablet": "",
              "image_mobile": "",
              "banner_link": "",
              "position": "center",
              "show_video": "no",
              "video_url": "\/\/cdn.shopify.com\/s\/files\/1\/1236\/4838\/files\/explore.mp4?14925391354568980494",
              "show_infoblock": "yes",
              "show_item_button": "yes",
              "text_design": "type1",
              "infoposition": "value",
              "info_point": "205",
              "text1": "Text 1",
              "text2": "Text 2",
              "text3": "Text 3",
              "text4": "",
              "use_custom_color": "no",
              "color_text1": "#ffffff",
              "color_text2": "#ffffff",
              "color_text3": "#ffffff",
              "color_text4": "#ffffff",
              "color_textbase": "#ffffff",
              "color_bgbase": "#1fc0a0",
              "color_textactive": "#1fc0a0",
              "color_bgactive": "#1fc0a0",
              "show_customhtml": "no",
              "code": "<div class=\"tp-caption lfl stb\" data-x=\"205\" data-y=\"center\" data-voffset=\"0\" data-speed=\"600\" data-start=\"900\" data-easing=\"Power4.easeOut\" data-endeasing=\"Power4.easeIn\" style=\"z-index: 2;\">\r\n<div>CONTENT<\/div>\r\n<a href=\"#\" class=\"link-button button--border-thick\">Shop now!<\/a>\r\n<\/div>"
            }
          }
        },
        "block_order": [
          "1478043056757",
          "1478043090706"
        ],
        "settings": {
          "button_title": "Shop now!",
          "delay_time": "16000",
          "fullscreen": "on",
          "start_height": "800",
          "show_border": false,
          "border_color": "#ffffff"
        }
      },
      "layout-2-testimonials": {
        "type": "layout-2-testimonials",
        "blocks": {
          "1478045755068": {
            "type": "comment_item",
            "settings": {
              "image": "",
              "link": "",
              "item_title": "<b>Eleanor<\/b><br><em>designer<\/em>",
              "item_hobby": "- Hobby",
              "text": "<p>Lorem ipsum dolor sit amet, consectetuer adipiscing elit. Donec eros tellus, scelerisque nec, rhoncus eget, laoreet sit amet.<\/p>"
            }
          },
          "1478045823732": {
            "type": "comment_item",
            "settings": {
              "image": "",
              "link": "",
              "item_title": "Author",
              "item_hobby": "- Hobby",
              "text": ""
            }
          }
        },
        "block_order": [
          "1478045755068",
          "1478045823732"
        ],
        "settings": {
          "show_widget": true,
          "title": "Testimonials",
          "show_quotes": true,
          "module_autoplay": false,
          "delay_time": "7000",
          "use_custom_color": true,
          "color_base": "#1fc0a0",
          "color_title1": "#ffffff",
          "color_quotes": "#ffffff",
          "color_title2": "#ffffff",
          "color_author": "#ffffff",
          "color_hobby": "#ffffff",
          "color_title3": "#a5e6d9",
          "color_title4": "#ffffff"
        }
      },
      "layout-2-blog": {
        "type": "layout-2-blog",
        "settings": {
          "show_block": true,
          "title": "Blog posts",
          "blog": "",
          "post_limit": "3",
          "blog_show_author": true,
          "blog_show_date": true,
          "show_comments": true,
          "truncate": "15",
          "truncate_last_symbols": "...",
          "step": "1",
          "module_autoplay": false,
          "delay_time": "7000"
        }
      },
      "layout-2-banners": {
        "type": "layout-2-banners",
        "blocks": {
          "1478119683471": {
            "type": "banner_item",
            "settings": {
              "image": "",
              "link": ""
            }
          },
          "1478119705420": {
            "type": "banner_item",
            "settings": {
              "image": "",
              "link": ""
            }
          },
          "1478119708549": {
            "type": "banner_item",
            "settings": {
              "image": "",
              "link": ""
            }
          },
          "1478119712013": {
            "type": "banner_item",
            "settings": {
              "image": "",
              "link": ""
            }
          },
          "1478119715697": {
            "type": "banner_item",
            "settings": {
              "image": "",
              "link": ""
            }
          },
          "1478119719632": {
            "type": "banner_item",
            "settings": {
              "image": "",
              "link": ""
            }
          },
          "1478119723161": {
            "type": "banner_item",
            "settings": {
              "image": "",
              "link": ""
            }
          },
          "1478119726635": {
            "type": "banner_item",
            "settings": {
              "image": "",
              "link": ""
            }
          }
        },
        "block_order": [
          "1478119683471",
          "1478119705420",
          "1478119708549",
          "1478119712013",
          "1478119715697",
          "1478119719632",
          "1478119723161",
          "1478119726635"
        ],
        "settings": {
          "show_widget": true,
          "module_autoplay": false,
          "delay_time": "7000",
          "use_custom_color": false,
          "color_title3": "#a5e6d9",
          "color_title4": "#ffffff"
        }
      },
      "layout-2-customhtml": {
        "type": "layout-2-customhtml",
        "settings": {
          "show_block": true,
          "facebook_id": "134612429900944",
          "show_customhtml": false,
          "title": ""
        }
      },
      "layout-2-asidtitle": {
        "type": "layout-2-asidtitle",
        "settings": {
          "show_block": true,
          "title": "CATEGORIES"
        }
      },
      "1479769684172": {
        "type": "fullscreen_banners",
        "blocks": {
          "1479769684172-0": {
            "type": "banner_item",
            "settings": {
              "show_rewards_popup": false,
              "image": "shopify:\/\/shop_images\/dryer_700x700_d77f2a55-b17d-46d0-abef-b75c6c3b4e49.jpg",
              "banner_link": "shopify:\/\/products\/triomphe-hair-dryer-blush",
              "show_item_button": "no",
              "title1": "",
              "size_title1": "size3",
              "title2": "",
              "size_title2": "text",
              "title3": "",
              "size_title3": "text size3 margin-1_4em",
              "use_custom_color": "no",
              "color_title1": "#ffffff",
              "color_title2": "#ffffff",
              "color_title3": "#ffffff"
            }
          },
          "1479769684172-2": {
            "type": "banner_item",
            "settings": {
              "show_rewards_popup": false,
              "image": "shopify:\/\/shop_images\/giftcard_tray-Edit_web72_700x700_9cb37127-af14-4229-9109-597f9dbc1bdb.jpg",
              "banner_link": "shopify:\/\/products\/gift-card",
              "show_item_button": "yes",
              "title1": "",
              "size_title1": "size4",
              "title2": "",
              "size_title2": "text size2",
              "title3": "",
              "size_title3": "text size2 margin-1_4em",
              "use_custom_color": "no",
              "color_title1": "#ffffff",
              "color_title2": "#ffffff",
              "color_title3": "#ffffff"
            }
          },
          "1479769684172-1": {
            "type": "banner_item",
            "settings": {
              "show_rewards_popup": true,
              "image": "shopify:\/\/shop_images\/loyaltyRevwards_700x700_1e3142d8-f7b5-4da0-8920-e8aaa8a1136d.jpg",
              "banner_link": "",
              "show_item_button": "yes",
              "title1": "",
              "size_title1": "size3",
              "title2": "",
              "size_title2": "text",
              "title3": "",
              "size_title3": "text size1",
              "use_custom_color": "no",
              "color_title1": "#ffffff",
              "color_title2": "#ffffff",
              "color_title3": "#ffffff"
            }
          }
        },
        "block_order": [
          "1479769684172-0",
          "1479769684172-2",
          "1479769684172-1"
        ],
        "settings": {
          "hide_top_indent": false,
          "show_button": false,
          "button_title": "",
          "step": "1",
          "module_autoplay": false,
          "delay_time": "7000"
        }
      },
      "1479770924814": {
        "type": "featured-products",
        "settings": {
          "center_title": true,
          "title": "TRENDING PRODUCTS",
          "collection": "trending-products",
          "products_in_row": "3",
          "limit": "8",
          "show_lookbook": false,
          "title2": "Lookbook",
          "image": "",
          "link": ""
        }
      },
      "collectionsall": {
        "type": "collectionsall",
        "settings": {}
      },
      "show-helper": {
        "type": "show-helper",
        "settings": {}
      },
      "1504190198801": {
        "type": "custom_html",
        "settings": {
          "custom_html": "<div class=\"yotpo yotpo-pictures-gallery\" data-layout-rows=\"3\" data-spacing=\"1\" data-source=\"all\" data-title=\"0\" data-hover-color=\"#ffffff\" data-hover-opacity=\"0.8\" data-hover-icon=\"true\" data-content=\"all\" data-cta-text=\"Shop Now\" data-cta-color=\"#2f84ed\"><\/div>",
          "custom_html_example": "<section class=\"content\">\r\n\t<div class=\"container\">\r\n\t\t<div class=\"row\">\r\n\t\t\tYour Content\r\n\t\t<\/div>\r\n\t<\/div>\r\n<\/section>"
        }
      },
      "featured-products": {
        "type": "featured-products",
        "settings": {
          "center_title": true,
          "title": "FEATURED PRODUCTS",
          "collection": "",
          "products_in_row": "3",
          "limit": "8",
          "show_lookbook": false,
          "title2": "Lookbook",
          "image": "",
          "link": ""
        }
      },
      "1504280936059": {
        "type": "flexslider",
        "blocks": {
          "1520984983519": {
            "type": "banner_item",
            "settings": {
              "desktop_image": "shopify:\/\/shop_images\/HomepageBanners-R1-curltheimpossible.jpg",
              "tablet_image": "shopify:\/\/shop_images\/HomepageBanners-R1-TabletSize2.jpg",
              "mobile_image": "shopify:\/\/shop_images\/HomepageBanners-R1-Mobile.jpg",
              "banner_link": "https:\/\/langehair.com\/collections\/curling-wands"
            }
          },
          "1534978387750": {
            "type": "banner_item",
            "settings": {
              "desktop_image": "shopify:\/\/shop_images\/HomepageBanners-R1-experiencethenewyou.jpg",
              "tablet_image": "shopify:\/\/shop_images\/HomepageBanners-R1-tabletsize.jpg",
              "mobile_image": "shopify:\/\/shop_images\/HomepageBanners-R1-mobile_3b52b9fe-4caa-46e3-832e-beee0262e83a.jpg",
              "banner_link": "https:\/\/langehair.com\/collections\/shop-all"
            }
          },
          "1522368118112": {
            "type": "banner_item",
            "settings": {
              "desktop_image": "shopify:\/\/shop_images\/HomepageBanners-R1-BeautythatLast.jpg",
              "tablet_image": "shopify:\/\/shop_images\/HomepageBanners-R1-TabletSize_f3a48c9c-e6bf-46a9-8215-a924bd5bc65d.jpg",
              "mobile_image": "shopify:\/\/shop_images\/HomepageBanners-R1-MobileSize.jpg",
              "banner_link": "https:\/\/langehair.com\/collections\/shop-all"
            }
          }
        },
        "block_order": [
          "1520984983519",
          "1534978387750",
          "1522368118112"
        ],
        "settings": {}
      },
      "1515525536849": {
        "type": "custom_html",
        "settings": {
          "custom_html": "<a href=\"\/pages\/real-results\" class=\"home-page-button\">REAL RESULTS<\/a>",
          "custom_html_example": "<section class=\"content\">\n\t<div class=\"container\">\n\t\t<div class=\"row\">\n\t\t\tYour Content\n\t\t<\/div>\n\t<\/div>\n<\/section>"
        }
      },
      "mobile-menu-grid": {
        "type": "mobile-menu-grid",
        "blocks": {
          "1528916318948": {
            "type": "link",
            "settings": {
              "link": "shopify:\/\/collections\/shop-all",
              "title": "Shop All",
              "image": "shopify:\/\/shop_images\/menu-shop-all.png"
            }
          },
          "1528916353255": {
            "type": "link",
            "settings": {
              "link": "shopify:\/\/collections\/hair-care",
              "title": "Hair Care",
              "image": "shopify:\/\/shop_images\/menu-hair-care.png"
            }
          },
          "1528916396250": {
            "type": "link",
            "settings": {
              "link": "shopify:\/\/collections\/curling-wands",
              "title": "Curling Wands",
              "image": "shopify:\/\/shop_images\/menu-curling-wands.png"
            }
          },
          "1528916419411": {
            "type": "link",
            "settings": {
              "link": "shopify:\/\/collections\/flat-irons",
              "title": "Flat Irons",
              "image": "shopify:\/\/shop_images\/menu-flat-irons.png"
            }
          },
          "1528916451033": {
            "type": "link",
            "settings": {
              "link": "shopify:\/\/collections\/hair-dryers",
              "title": "Hair Dryers",
              "image": "shopify:\/\/shop_images\/menu-hair-dryers.png"
            }
          },
          "1528916530401": {
            "type": "link",
            "settings": {
              "link": "shopify:\/\/collections\/travel",
              "title": "Travel",
              "image": "shopify:\/\/shop_images\/menu-travel-size.png"
            }
          },
          "1528916503699": {
            "type": "link",
            "settings": {
              "link": "shopify:\/\/collections\/accessories",
              "title": "Tool Accessories",
              "image": "shopify:\/\/shop_images\/menu-tools.png"
            }
          },
          "1528916550406": {
            "type": "link",
            "settings": {
              "link": "shopify:\/\/products\/gift-card",
              "title": "Gift Cards",
              "image": "shopify:\/\/shop_images\/menu-gift-cards.png"
            }
          },
          "1528916476408": {
            "type": "link",
            "settings": {
              "link": "shopify:\/\/collections\/for-him",
              "title": "For Him",
              "image": "shopify:\/\/shop_images\/menu-for-him.png"
            }
          }
        },
        "block_order": [
          "1528916318948",
          "1528916353255",
          "1528916396250",
          "1528916419411",
          "1528916451033",
          "1528916530401",
          "1528916503699",
          "1528916550406",
          "1528916476408"
        ],
        "settings": {}
      },
      "mobile-menu-links": {
        "type": "mobile-menu-links",
        "blocks": {
          "1528916603106": {
            "type": "link",
            "settings": {
              "link": "shopify:\/\/pages\/real-results",
              "title": "Real Results",
              "image": "shopify:\/\/shop_images\/LANGE-NewWebsite-Homepage_Navi-Mobile-R2-Shop_the_gallery.jpg",
              "bg_color": "#edf0f5"
            }
          },
          "1528916663431": {
            "type": "link",
            "settings": {
              "link": "shopify:\/\/pages\/reviews",
              "title": "Reviews",
              "image": "shopify:\/\/shop_images\/LANGE-NewWebsite-Homepage_Navi-Mobile-R2-Reviews.jpg",
              "bg_color": "#fff1f4"
            }
          },
          "1528916702731": {
            "type": "link",
            "settings": {
              "link": "shopify:\/\/blogs\/hair-blog",
              "title": "Hair Talk",
              "image": "shopify:\/\/shop_images\/LANGE-NewWebsite-Homepage_Navi-Mobile-R2-Hair_Talk.jpg",
              "bg_color": "#edf3f1"
            }
          },
          "1528916737508": {
            "type": "link",
            "settings": {
              "link": "shopify:\/\/pages\/rewards",
              "title": "Rewards",
              "image": "shopify:\/\/shop_images\/LANGE-NewWebsite-Homepage_Navi-Mobile-R2-Rewards.jpg",
              "bg_color": "#dfd9dd"
            }
          },
          "1528916818477": {
            "type": "link",
            "settings": {
              "link": "shopify:\/\/pages\/brand-ambassadors",
              "title": "Brand Ambassador Program",
              "image": "shopify:\/\/shop_images\/LANGE-NewWebsite-Homepage_Navi-Mobile-R2-Brand_Ambassador.jpg",
              "bg_color": "#cfd0d4"
            }
          }
        },
        "block_order": [
          "1528916603106",
          "1528916663431",
          "1528916702731",
          "1528916737508",
          "1528916818477"
        ],
        "settings": {}
      }
    },
    "content_for_index": [
      "1504280936059",
      "1479770924814",
      "1479769684172",
      "1504190198801",
      "1515525536849"
    ]
  },
  "presets": {}
}